"SHAIN_ID","SHAIN_BANGOU","SHIMEI","SEIBETSU","SEINENGAPPI","JUSYO","DENWABANGOU","TOUROKU_NICHIJI","KOUSHIN_NICHIJI"
"244","11","谷 朋","2","2000/01/11","東京都新宿区左門町1-13-7","0120828828","2015/06/23 16:23:03.0","2015/06/25 15:10:46.0"
"245","12","池上 小春","1","2000/01/12","岩手県一関市室根町津谷川8439","575434562","2015/06/23 16:23:03.0","2015/06/23 16:23:03.0"
"246","13","梅田 正保","2","2000/01/13","千葉県市原市久々津2-13-3-1415","632101475","2015/06/23 16:23:03.0","2015/06/23 16:23:03.0"
"247","14","小泉 多栄子","1","2000/01/14","群馬県太田市内ヶ島町9-9-2","688768388","2015/06/23 16:23:03.0","2015/06/23 16:23:03.0"
"248","15","江口 運吉","2","2000/01/15","宮城県柴田郡柴田町入間田6-6-6","745435301","2015/06/23 16:23:03.0","2015/06/23 16:23:03.0"
"249","16","片桐 佐十郎","1","2000/01/16","京都府京都市中京区阪東屋町3-6-5 フリード阪東屋町","80210214","2015/06/23 16:23:03.0","2015/06/23 16:23:03.0"
"250","17","福島 世弥","2","2000/01/17","岡山県岡山市万倍2-13-7","858769127","2015/06/23 16:23:03.0","2015/06/23 16:23:03.0"
"251","18","大槻 雅近","1","2000/01/18","北海道雨竜郡秩父別町南山6-2-2-12階","9156040","2015/06/23 16:23:03.0","2015/06/23 16:23:03.0"
"252","19","梅田 秀次郎","2","2000/01/19","東京都あきる野市野辺4-9-4","972102953","2015/06/23 16:23:03.0","2015/06/23 16:23:03.0"
"253","20","北川 安民","1","2000/01/20","埼玉県さいたま市浦和区北浦和4-8-7","1869866","2015/06/23 16:23:03.0","2015/06/23 16:23:03.0"
"254","21","奥野 美己","2","2000/01/21","石川県小松市飴屋町4903","1085436779","2015/06/23 16:23:03.0","2015/06/23 16:23:03.0"
"255","22","青柳 直志","1","2000/01/22","宮城県仙台市宮城野区銀杏町4-10-5","1213692","2015/06/23 16:23:03.0","2015/06/23 16:23:03.0"
"256","23","徳永 真希","2","2000/01/23","東京都八王子市寺町1-11-4","1198058","2015/06/23 16:23:03.0","2015/06/23 16:23:03.0"
"257","24","横田 益三","1","2000/01/24","沖縄県国頭郡国頭村宇嘉7103","53456454","2015/06/23 16:23:03.0","2015/06/23 16:23:03.0"
"258","25","杉本 正宣","2","2000/01/25","宮崎県宮崎市薫る坂9-11-9","1344318","2015/06/23 16:23:03.0","2015/06/23 16:23:03.0"
"259","26","西川 伸次郎","1","2000/01/26","茨城県結城市林3-7-1","1368344","2015/06/23 16:23:03.0","2015/06/23 16:23:03.0"
"260","27","中川 勝行","2","2000/01/27","秋田県大仙市大曲丸の内町6-8-2","98746534","2015/06/23 16:23:03.0","2015/06/23 16:23:03.0"
"261","28","杉原 弘春","1","2000/01/28","三重県鈴鹿市末広南9-6-3 ラ・カルム末広南 1310号室","42536475","2015/06/23 16:23:03.0","2015/06/23 16:23:03.0"
"262","29","中谷 光保","2","2000/01/29","奈良県吉野郡大淀町持尾4-15-7","536455364","2015/06/23 16:23:03.0","2015/06/23 16:23:03.0"
"263","30","大崎 裕恵","1","2000/01/30","大阪府門真市朝日町5-13-8","425364758","2015/06/23 16:23:03.0","2015/06/23 16:23:03.0"
"264","31","内海 虎之助","2","2000/01/31","高知県土佐郡大川村大平9-12-7 シティ大平","253642536","2015/06/23 16:23:03.0","2015/06/23 16:23:03.0"
"265","32","山下 雅美","1","1990/03/01","富山県富山市高木東7-4-2 高木東ハウス","2453643","2015/06/23 16:23:03.0","2015/06/23 16:23:03.0"
"266","33","本田 尭道","2","1990/03/02","鹿児島県枕崎市中央町8-11-9","4235643","2015/06/23 16:23:03.0","2015/06/23 16:23:03.0"
"267","34","松井 梨絵","1","1990/03/03","東京都三鷹市新川4-6-4","654253647","2015/06/23 16:23:03.0","2015/06/23 16:23:03.0"
"268","35","中田 富良","2","1990/03/04","島根県松江市岡本町5-7-3 アーバンティ岡本町 1014号室","4235645","2015/06/23 16:23:03.0","2015/06/23 16:23:03.0"
"269","36","永田 保二","1","1990/03/05","静岡県富士市島田町2-10-2","98765890","2015/06/23 16:23:03.0","2015/06/23 16:23:03.0"
"270","37","中田 孝次","2","1990/03/06","長崎県長崎市筑後町9-12-7","9876543","2015/06/23 16:23:03.0","2015/06/23 16:23:03.0"
"271","38","鎌田 菜美","1","1990/03/07","兵庫県姫路市大黒壱丁町6-1-8","23456789","2015/06/23 16:23:03.0","2015/06/23 16:23:03.0"
"272","39","森岡 秋徳","2","1990/03/08","東京都千代田区鍛冶町7-4-9","23456788","2015/06/23 16:23:03.0","2015/06/23 16:23:03.0"
"273","40","長沢 信広","1","1990/03/09","北海道樺戸郡月形町新生3838","23456787","2015/06/23 16:23:03.0","2015/06/23 16:23:03.0"
"274","41","坂本 秋美","2","1990/03/10","大分県豊後大野市大野町矢田1-14-3 レイクヒル大野町矢田 107号室","23456786","2015/06/23 16:23:03.0","2015/06/23 16:23:03.0"
"275","42","福田 定二","1","1990/03/11","東京都西多摩郡瑞穂町駒形富士山2-2-6","23456785","2015/06/23 16:23:03.0","2015/06/23 16:23:03.0"
"276","43","松岡 由記彦","2","1990/03/12","富山県高岡市関本町3-6-3","23456784","2015/06/23 16:23:03.0","2015/06/23 16:23:03.0"
"277","44","伊藤 英幸","1","1990/03/13","高知県土佐市蓮池3-10-6","23456783","2015/06/23 16:23:03.0","2015/06/23 16:23:03.0"
"278","45","杉田 純隆","2","1990/03/14","北海道旭川市緑が丘南二条3-12-3 セトル緑が丘南二条 712","23456782","2015/06/23 16:23:03.0","2015/06/23 16:23:03.0"
"279","46","林田 早葉子","1","1990/03/15","東京都中央区明石町6-5-9","23456781","2015/06/23 16:23:03.0","2015/06/23 16:23:03.0"
"280","47","遠藤 幸美","2","1990/03/16","東京都板橋区成増5-13-9","23456780","2015/06/23 16:23:03.0","2015/06/23 16:23:03.0"
"281","48","新田 千津","1","1990/03/17","大阪府東大阪市豊浦町6-2-7","23456779","2015/06/23 16:23:03.0","2015/06/23 16:23:03.0"
"282","49","川崎 保行","2","1990/03/18","兵庫県姫路市夢前町莇野9-12-7 エポカ夢前町莇野マンション 4階","23456778","2015/06/23 16:23:03.0","2015/06/23 16:23:03.0"
"283","50","樋口 大夢","1","1990/03/19","滋賀県東浅井郡湖北町二俣3-12-1","23456777","2015/06/23 16:23:03.0","2015/06/23 16:23:03.0"
"284","51","岡村 僧三郎","2","1990/03/20","大阪府茨木市学園南町8-3-4","23456776","2015/06/23 16:23:03.0","2015/06/23 16:23:03.0"
"285","52","下村 麗奈","1","1990/03/21","神奈川県横浜市青葉区しらとり台1158","23456775","2015/06/23 16:23:03.0","2015/06/23 16:23:03.0"
"286","53","園田 源平","2","1990/03/22","秋田県大館市南神明町7-3-3","23456774","2015/06/23 16:23:03.0","2015/06/23 16:23:03.0"
"287","54","大森 恭造","1","1990/03/23","東京都杉並区高井戸東7697","23456773","2015/06/23 16:23:03.0","2015/06/23 16:23:03.0"
"288","55","斉藤 英吾","2","1990/03/24","岡山県笠岡市旭が丘2-12-2","23456772","2015/06/23 16:23:03.0","2015/06/23 16:23:03.0"
"289","56","今野 武久","1","1990/03/25","新潟県新発田市桑ノ口9-11-2","23456771","2015/06/23 16:23:03.0","2015/06/23 16:23:03.0"
"290","57","下村 和海","2","1990/03/26","大阪府池田市渋谷1-7-7 コスモ渋谷 504号室","23456770","2015/06/23 16:23:03.0","2015/06/23 16:23:03.0"
"291","58","細川 玲一","1","1990/03/27","大阪府大阪市西成区千本中8-2-1","23456769","2015/06/23 16:23:03.0","2015/06/23 16:23:03.0"
"292","59","矢野 克","2","1990/03/28","新潟県南魚沼市中川1-12-3 中川ハイツA","23456768","2015/06/23 16:23:03.0","2015/06/23 16:23:03.0"
"293","60","岡部 順子","1","1990/03/29","鹿児島県いちき串木野市曙町9440","23456767","2015/06/23 16:23:03.0","2015/06/23 16:23:03.0"
"294","61","村田 勤","2","1990/03/30","岡山県岡山市福吉町5-15-7","23456766","2015/06/23 16:23:03.0","2015/06/23 16:23:03.0"
"295","62","村松 好博","1","1990/03/31","熊本県葦北郡芦北町花岡9-11-2","23456765","2015/06/23 16:23:03.0","2015/06/23 16:23:03.0"
"296","63","酒井 洵子","2","1980/08/01","福島県伊達市篭田7-15-1","23456764","2015/06/23 16:23:03.0","2015/06/23 16:23:03.0"
"297","64","甲斐 琢司","1","1980/08/02","岐阜県瑞浪市明世町戸狩3-8-6","23456763","2015/06/23 16:23:03.0","2015/06/23 16:23:03.0"
"298","65","小西 大夢","2","1980/08/03","北海道室蘭市小橋内町4193","23456762","2015/06/23 16:23:03.0","2015/06/23 16:23:03.0"
"299","66","谷川 とく子","1","1980/08/04","東京都御蔵島村御蔵島村2-6-2 ラ・カルム御蔵島村 508号室","23456761","2015/06/23 16:23:03.0","2015/06/23 16:23:03.0"
"300","67","山崎 葉子","2","1980/08/05","京都府京都市中京区竹屋町2-9-7","23456760","2015/06/23 16:23:03.0","2015/06/23 16:23:03.0"
"301","68","小原 善二","1","1980/08/06","宮崎県日南市大堂津9-12-9","23456759","2015/06/23 16:23:03.0","2015/06/23 16:23:03.0"
"302","69","馬場 華代","2","1980/08/07","宮城県刈田郡七ヶ宿町坂ノ上4-12-1","23456758","2015/06/23 16:23:03.0","2015/06/23 16:23:03.0"
"303","70","高野 源三郎","1","1980/08/08","千葉県千葉市花見川区さつきが丘6645","23456757","2015/06/23 16:23:03.0","2015/06/23 16:23:03.0"
"304","71","小森 美喜夫","2","1980/08/09","山形県東田川郡庄内町堀野2-9-8","23456756","2015/06/23 16:23:03.0","2015/06/23 16:23:03.0"
"305","72","浅井 奈緒","1","1980/08/10","茨城県下妻市古沢1066","23456755","2015/06/23 16:23:03.0","2015/06/23 16:23:03.0"
"306","73","吉沢 裕恵","2","1980/08/11","長崎県対馬市上対馬町小鹿2-1-6","23456754","2015/06/23 16:23:03.0","2015/06/23 16:23:03.0"
"307","74","松井 拓夫","1","1980/08/12","宮城県遠田郡美里町成田4-11-5 レイクヒル成田 607号室","23456753","2015/06/23 16:23:03.0","2015/06/23 16:23:03.0"
"308","75","内山 桂","2","1980/08/13","東京都杉並区高井戸東1-9-1","23456752","2015/06/23 16:23:03.0","2015/06/23 16:23:03.0"
"309","76","吉原 聖弘","1","1980/08/14","福井県勝山市鹿谷町志田9-3-1","23456751","2015/06/23 16:23:03.0","2015/06/23 16:23:03.0"
"310","77","関口 次生","2","1980/08/15","東京都西多摩郡奥多摩町丹三郎5-4-2 メゾネット丹三郎 4F","23456750","2015/06/23 16:23:03.0","2015/06/23 16:23:03.0"
"311","78","津田 定行","1","1980/08/16","熊本県天草市太田町6-8-3","23456749","2015/06/23 16:23:03.0","2015/06/23 16:23:03.0"
"312","79","永野 則重","2","1980/08/17","島根県安来市汐手が丘2-14-3","23456748","2015/06/23 16:23:03.0","2015/06/23 16:23:03.0"
"313","80","平川 初美","1","1980/08/18","東京都三宅島三宅村坪田2-5-9-310","23456747","2015/06/23 16:23:03.0","2015/06/23 16:23:03.0"
"314","81","徳田 理恵子","2","1980/08/19","東京都渋谷区幡ヶ谷6-2-7","23456746","2015/06/23 16:23:03.0","2015/06/23 16:23:03.0"
"315","82","石井 香世子","1","1980/08/20","東京都大田区上池台6-3-7","23456745","2015/06/23 16:23:03.0","2015/06/23 16:23:03.0"
"316","83","中野 なつみ","2","1980/08/21","岐阜県養老郡養老町石畑6-11-2","23456744","2015/06/23 16:23:03.0","2015/06/23 16:23:03.0"
"317","84","向井 洋昌","1","1980/08/22","東京都八王子市川町5-9-9 イニシア川町 11階","23456743","2015/06/23 16:23:03.0","2015/06/23 16:23:03.0"
"318","85","出口 淳子","2","1980/08/23","富山県富山市上冨居2-1-2","23456742","2015/06/23 16:23:03.0","2015/06/23 16:23:03.0"
"319","86","小坂 亜里香","1","1980/08/24","新潟県新潟市川崎7980","23456741","2015/06/23 16:23:03.0","2015/06/23 16:23:03.0"
"320","87","栗田 幸人","2","1980/08/25","宮城県石巻市新橋6-4-1 エポカ新橋 11階","23456740","2015/06/23 16:23:03.0","2015/06/23 16:23:03.0"
"321","88","庄司 玲","1","1980/08/26","兵庫県揖保郡太子町福地1-9-7","23456739","2015/06/23 16:23:03.0","2015/06/23 16:23:03.0"
"322","89","金沢 恭造","2","1980/08/27","東京都国立市石田2-14-1","23456738","2015/06/23 16:23:03.0","2015/06/23 16:23:03.0"
"323","90","小沢 恵八郎","1","1980/08/28","茨城県稲敷郡河内町生板4-11-6","23456737","2015/06/23 16:23:03.0","2015/06/23 16:23:03.0"
"324","91","堀川 成美","2","1980/08/29","沖縄県宮古島市城辺長間4-11-1","23456736","2015/06/23 16:23:03.0","2015/06/23 16:23:03.0"
"325","92","永井 理香","1","1980/08/30","千葉県野田市今上2-8-8 パストラル今上 6階","23456735","2015/06/23 16:23:03.0","2015/06/23 16:23:03.0"
"326","93","金子 杏子","2","1980/08/31","岡山県津山市八出9-1-5 ドミシール八出 1406号室","23456734","2015/06/23 16:23:03.0","2015/06/23 16:23:03.0"
"327","94","小林 達生","1","1970/07/01","静岡県伊豆市関野4-9-1 関野ハイツA 504号室","23456733","2015/06/23 16:23:03.0","2015/06/23 16:23:03.0"
"328","95","石黒 慎吾","2","1970/07/02","福島県本宮市白岩8-5-7 セザール白岩 2階","23456732","2015/06/23 16:23:03.0","2015/06/23 16:23:03.0"
"329","96","川野 友隆","1","1970/07/03","東京都杉並区高井戸西7-10-4 マンション高井戸西第1 8階","23456731","2015/06/23 16:23:03.0","2015/06/23 16:23:03.0"
"330","97","大城 真琴","2","1970/07/04","東京都青梅市今井9-2-8","23456730","2015/06/23 16:23:03.0","2015/06/23 16:23:03.0"
"331","98","内山 房男","1","1970/07/05","静岡県沼津市三芳町1-12-8 栄ビル 614号室","23456729","2015/06/23 16:23:03.0","2015/06/23 16:23:03.0"
"332","99","岡部 順子","2","1970/07/06","香川県綾歌郡綾川町萱原3445","23456728","2015/06/23 16:23:03.0","2015/06/23 16:23:03.0"
"333","100","吉沢 拓夫","1","1970/07/07","富山県高岡市佐加野東4-2-5","23456727","2015/06/23 16:23:03.0","2015/06/23 16:23:03.0"
"334","101","米田 秀次郎","2","1970/07/08","京都府京都市下京区紅葉町8-15-2","23456726","2015/06/23 16:23:03.0","2015/06/23 16:23:03.0"
"335","102","岩田 季雄","1","1970/07/09","熊本県八代市坂本町百済来下9-5-2 ＴＯＰ・坂本町百済来下 1108","23456725","2015/06/23 16:23:03.0","2015/06/23 16:23:03.0"
"336","103","竹村 なつみ","2","1970/07/10","茨城県土浦市生田町1-6-9","23456724","2015/06/23 16:23:03.0","2015/06/23 16:23:03.0"
"337","104","新井 康三","1","1970/07/11","東京都小笠原村母島1-10-5","23456723","2015/06/23 16:23:03.0","2015/06/23 16:23:03.0"
"338","105","近藤 良弥","2","1970/07/12","石川県金沢市柳橋町9-7-9 セレッソ柳橋町 10階","23456722","2015/06/23 16:23:03.0","2015/06/23 16:23:03.0"
"339","106","堀川 金義","1","1970/07/13","三重県員弁郡東員町八幡新田6-7-9","23456721","2015/06/23 16:23:03.0","2015/06/23 16:23:03.0"
"340","107","北原 祐次郎","2","1970/07/14","東京都立川市柴崎町7841","23456720","2015/06/23 16:23:03.0","2015/06/23 16:23:03.0"
"341","108","徳田 智治","1","1970/07/15","新潟県南魚沼市樺野沢1-4-1","23456719","2015/06/23 16:23:03.0","2015/06/23 16:23:03.0"
"342","109","竹村 美緒","2","1970/07/16","栃木県下都賀郡野木町佐川野1-10-6","23456718","2015/06/23 16:23:03.0","2015/06/23 16:23:03.0"
"343","110","岩田 絵美","1","1970/07/17","岐阜県多治見市明治町3-1-4","23456717","2015/06/23 16:23:03.0","2015/06/23 16:23:03.0"
"344","111","荒木 房男","2","1970/07/18","長崎県雲仙市南串山町乙4-3-8","23456716","2015/06/23 16:23:03.0","2015/06/25 17:38:20.0"
"345","112","宮原 亜由美","1","1970/07/19","大阪府泉佐野市羽倉崎4577","23456715","2015/06/23 16:23:03.0","2015/06/23 16:23:03.0"
"346","113","杉本 準司","2","1970/07/20","秋田県南秋田郡五城目町神明前1-6-5 コスモ・イオ神明前 802","23456714","2015/06/23 16:23:03.0","2015/06/23 16:23:03.0"
"347","114","小出 彰揮","1","1970/07/21","群馬県高崎市八幡原町7-12-9","23456713","2015/06/23 16:23:03.0","2015/06/23 16:23:03.0"
"348","115","桜井 運吉","2","1970/07/22","山形県山形市印役町6-11-3","23456712","2015/06/23 16:23:03.0","2015/06/23 16:23:03.0"
"349","116","井上 孝成","1","1970/07/23","富山県富山市諏訪川原5-1-1","23456711","2015/06/23 16:23:03.0","2015/06/23 16:23:03.0"
"350","117","手塚 知明","2","1970/07/24","兵庫県明石市大蔵八幡町6-2-5 ヴェルテックス大蔵八幡町 1405号室","23456710","2015/06/23 16:23:03.0","2015/06/23 16:23:03.0"
"351","118","水野 洋子","1","1970/07/25","大分県中津市本耶馬渓町東谷9579","23456709","2015/06/23 16:23:03.0","2015/06/23 16:23:03.0"
"352","119","樋口 敏美","2","1970/07/26","島根県邑智郡美郷町小谷3-13-9","23456708","2015/06/23 16:23:03.0","2015/06/23 16:23:03.0"
"353","120","榎本 亜由美","1","1970/07/27","北海道苫前郡羽幌町南三条2-2-5 栄ビル 2F","23456707","2015/06/23 16:23:03.0","2015/06/23 16:23:03.0"
"354","121","宮本 右京","2","1970/07/28","千葉県東金市下武射田7-9-5","23456706","2015/06/23 16:23:03.0","2015/06/23 16:23:03.0"
"355","122","及川 鎮雄","1","1970/07/29","福岡県北九州市八幡西区茶売町5-11-6","23456705","2015/06/23 16:23:03.0","2015/06/23 16:23:03.0"
"356","123","坂本 章一","2","1970/07/30","東京都葛飾区青戸5-3-6","23456704","2015/06/23 16:23:03.0","2015/06/23 16:23:03.0"
"357","124","島崎 智勝","1","1970/07/31","鹿児島県いちき串木野市羽島9-7-4","23456703","2015/06/23 16:23:03.0","2015/06/23 16:23:03.0"
"358","125","広瀬 英博","2","1960/10/01","兵庫県豊岡市但東町高竜寺3-12-1","23456702","2015/06/23 16:23:03.0","2015/06/23 16:23:03.0"
"359","126","阿部 三重子","1","1960/10/02","群馬県渋川市赤城町持柏木9-7-8","23456701","2015/06/23 16:23:03.0","2015/06/23 16:23:03.0"
"360","127","泉 恵治","2","1960/10/03","三重県伊賀市下友生4-13-3","23456700","2015/06/23 16:23:03.0","2015/06/23 16:23:03.0"
"361","128","村田 宗市","1","1960/10/04","新潟県長岡市小国町二本柳6-5-2 アーバンライフ小国町二本柳","23456699","2015/06/23 16:23:03.0","2015/06/23 16:23:03.0"
"362","129","松野 典生","2","1960/10/05","石川県鳳珠郡能登町豊ヶ丘1-7-6 イニシア豊ヶ丘 211号室","23456698","2015/06/23 16:23:03.0","2015/06/23 16:23:03.0"
"363","130","滝沢 裕紀","1","1960/10/06","長崎県佐世保市常盤町1-2-3","23456697","2015/06/23 16:23:03.0","2015/06/23 16:23:03.0"
"364","131","小笠原 定二","2","1960/10/07","岐阜県各務原市那加北洞町2-12-9 サンハイツ那加北洞町 7階","23456696","2015/06/23 16:23:03.0","2015/06/23 16:23:03.0"
"365","132","下村 伸次郎","1","1960/10/08","東京都青梅市谷野1513","23456695","2015/06/23 16:23:03.0","2015/06/23 16:23:03.0"
"366","133","西本 十志夫","2","1960/10/09","神奈川県藤沢市桐原町2-12-8","23456694","2015/06/23 16:23:03.0","2015/06/23 16:23:03.0"
"367","134","米田 喜代信","1","1960/10/10","富山県高岡市島新3-11-8 コスモ島新","23456693","2015/06/23 16:23:03.0","2015/06/23 16:23:03.0"
"368","135","緒方 桂","2","1960/10/11","福島県南会津郡檜枝岐村居平7061","23456692","2015/06/23 16:23:03.0","2015/06/23 16:23:03.0"
"369","136","石田 亜由美","1","1960/10/12","北海道北見市緑町2-7-3","23456691","2015/06/23 16:23:03.0","2015/06/23 16:23:03.0"
"370","137","片山 麻紀","2","1960/10/13","徳島県鳴門市撫養町北浜2130","23456690","2015/06/23 16:23:03.0","2015/06/23 16:23:03.0"
"371","138","金城 勝許","1","1960/10/14","埼玉県さいたま市緑区北原9-9-2","23456689","2015/06/23 16:23:03.0","2015/06/23 16:23:03.0"
"372","139","吉原 由雄","2","1960/10/15","京都府京丹後市峰山町四軒5-6-7 ハイツドリーム峰山町四軒 4F","23456688","2015/06/23 16:23:03.0","2015/06/23 16:23:03.0"
"373","140","梶原 淳子","1","1960/10/16","奈良県生駒市鹿ノ台南6-11-9","23456687","2015/06/23 16:23:03.0","2015/06/23 16:23:03.0"
"374","141","小島 佳久","2","1960/10/17","東京都八王子市松木5110","23456686","2015/06/23 16:23:03.0","2015/06/23 16:23:03.0"
"375","142","沢田 美伸","1","1960/10/18","愛媛県西条市安知生6-7-4 パストラル安知生 612号室","23456685","2015/06/23 16:23:03.0","2015/06/23 16:23:03.0"
"376","143","中嶋 初","2","1960/10/19","茨城県東茨城郡茨城町馬渡9-6-4","23456684","2015/06/23 16:23:03.0","2015/06/23 16:23:03.0"
"377","144","荒木 泰央","1","1960/10/20","大阪府和泉市三林町6-11-7","23456683","2015/06/23 16:23:03.0","2015/06/23 16:23:03.0"
"378","145","川口 聡美","2","1960/10/21","埼玉県草加市柳島町2316","23456682","2015/06/23 16:23:03.0","2015/06/23 16:23:03.0"
"379","146","角田 三男","1","1960/10/22","岡山県倉敷市西阿知町2769","23456681","2015/06/23 16:23:03.0","2015/06/23 16:23:03.0"
"380","147","福岡 寿美","2","1960/10/23","愛知県幡豆郡一色町細川5-8-3","23456680","2015/06/23 16:23:03.0","2015/06/23 16:23:03.0"
"381","148","酒井 聖誉","1","1960/10/24","熊本県人吉市矢黒町3-1-2 パナハイツ矢黒町","23456679","2015/06/23 16:23:03.0","2015/06/23 16:23:03.0"
"382","149","大野 美樹","2","1960/10/25","福岡県柳川市八百屋町1-14-3","23456678","2015/06/23 16:23:03.0","2015/06/23 16:23:03.0"
"383","150","田中 芳弘","1","1960/10/26","愛媛県今治市五十嵐9-5-3","23456677","2015/06/23 16:23:03.0","2015/06/23 16:23:03.0"
"387","4","北野 絵里","1","2012/02/29","奈良県五條市大野町6-3-3","50472420000","2015/06/26 10:14:23.0","2015/06/30 10:58:46.0"
"388","5","島田 みき","2","2000/01/05","東京都杉並区今川8-3-8","4567574","2015/06/26 10:14:23.0","2015/06/26 10:14:23.0"
"389","6","高井 直幸","1","2000/01/06","沖縄県うるま市赤道4-5-5","243454635","2015/06/26 10:14:23.0","2015/06/26 10:14:23.0"
"390","7","三谷 希美江","2","2000/01/07","静岡県浜松市増楽町6-4-6","2920997","2015/06/26 10:14:23.0","2015/06/26 10:14:23.0"
"391","8","石井 直子","1","2000/01/08","新潟県阿賀野市今板1-14-1","34876910","2015/06/26 10:14:23.0","2015/06/26 10:14:23.0"
"392","9","江口 公紀","2","2000/01/09","愛知県名古屋市緑区平子が丘1-10-5","405433823","2015/06/26 10:14:23.0","2015/06/26 10:14:23.0"
"393","10","杉原 信弥","1","2000/01/10","福島県大沼郡会津美里町赤留4-15-1 ミレニアム赤留","4620736","2015/06/26 10:14:23.0","2015/06/26 10:14:23.0"
"394","151","ああああああああああああああああ","1","2000/02/01","東京都江戸川区小松川3-3-3","16666612356","2015/06/26 15:31:43.0","2015/06/26 15:31:43.0"
"395","163","あああああああああ","1","2000/02/01","東京都江戸川区小松川3-3-3","16666612356","2015/06/26 17:16:53.0","2015/06/26 17:16:53.0"
"396","164","あああああああああ","1","2000/02/01","東京都江戸川区小松川3-3-3","16666612356","2015/06/26 17:18:22.0","2015/06/26 17:18:22.0"
"397","165","あああああああああ","1","2000/02/01","東京都江戸川区小松川3-3-3","16666612356","2015/06/26 17:23:10.0","2015/06/26 17:23:10.0"
"398","166","あああああああああ","1","2000/02/01","東京都江戸川区小松川3-3-3","16666612356","2015/06/26 17:34:36.0","2015/06/26 17:34:36.0"
"399","167","あああああああああ","1","2000/02/01","東京都江戸川区小松川3-3-3","16666612356","2015/06/26 17:35:07.0","2015/06/26 17:35:07.0"
"400","168","あああああああ","1","2000/02/01","東京都江戸川区小松川3-3-3","16666612356","2015/06/26 17:36:30.0","2015/06/26 17:36:30.0"
"401","154","閏年テスト","1","2012/02/29","閏年テスト","20120229","2015/06/29 09:52:40.0","2015/06/29 09:54:24.0"
"402","169","10","1","1990/02/01","東京都江戸川区小松川3-3-3","16666612356","2015/06/29 10:34:10.0","2015/06/29 10:34:10.0"
"403","170","10","1","1990/02/01","東京都江戸川区小松川3-3-3","16666612356","2015/06/29 10:34:10.0","2015/06/29 10:34:10.0"
"404","171","10","1","1990/02/01","東京都江戸川区小松川3-3-3","16666612356","2015/06/29 10:34:10.0","2015/06/29 10:34:10.0"
"405","172","10","1","1990/02/01","東京都江戸川区小松川3-3-3","16666612356","2015/06/29 10:34:10.0","2015/06/29 10:34:10.0"
"406","173","10","1","1990/02/01","東京都江戸川区小松川3-3-3","16666612356","2015/06/29 10:34:10.0","2015/06/29 10:34:10.0"
"407","174","10","1","1990/02/01","東京都江戸川区小松川3-3-3","16666612356","2015/06/29 10:34:10.0","2015/06/29 10:34:10.0"
"408","175","10","1","1990/02/01","東京都江戸川区小松川3-3-3","16666612356","2015/06/29 10:34:10.0","2015/06/29 10:34:10.0"
"409","176","10","1","1990/02/01","東京都江戸川区小松川3-3-3","16666612356","2015/06/29 10:34:10.0","2015/06/29 10:34:10.0"
"410","177","10","1","1990/02/01","東京都江戸川区小松川3-3-3","16666612356","2015/06/29 10:34:10.0","2015/06/29 10:34:10.0"
"411","178","10","1","1990/02/01","東京都江戸川区小松川3-3-3","16666612356","2015/06/29 10:34:10.0","2015/06/29 10:34:10.0"
"412","179","11","1","1990/02/01","東京都江戸川区小松川3-3-3","16666612356","2015/06/29 10:34:10.0","2015/06/29 10:34:10.0"
"413","180","11","1","1990/02/01","東京都江戸川区小松川3-3-3","16666612356","2015/06/29 10:34:10.0","2015/06/29 10:34:10.0"
"414","181","11","1","1990/02/01","東京都江戸川区小松川3-3-3","16666612356","2015/06/29 10:34:10.0","2015/06/29 10:34:10.0"
"415","182","11","1","1990/02/01","東京都江戸川区小松川3-3-3","16666612356","2015/06/29 10:34:10.0","2015/06/29 10:34:10.0"
"416","183","11","1","1990/02/01","東京都江戸川区小松川3-3-3","16666612356","2015/06/29 10:34:10.0","2015/06/29 10:34:10.0"
"417","184","11","1","1990/02/01","東京都江戸川区小松川3-3-3","16666612356","2015/06/29 10:34:10.0","2015/06/29 10:34:10.0"
"418","185","11","1","1990/02/01","東京都江戸川区小松川3-3-3","16666612356","2015/06/29 10:34:10.0","2015/06/29 10:34:10.0"
"419","186","11","1","1990/02/01","東京都江戸川区小松川3-3-3","16666612356","2015/06/29 10:34:10.0","2015/06/29 10:34:10.0"
"420","187","11","1","1990/02/01","東京都江戸川区小松川3-3-3","16666612356","2015/06/29 10:34:10.0","2015/06/29 10:34:10.0"
"421","188","11","1","1990/02/01","東京都江戸川区小松川3-3-3","16666612356","2015/06/29 10:34:10.0","2015/06/29 10:34:10.0"
"422","189","11","1","1990/02/01","東京都江戸川区小松川3-3-3","16666612356","2015/06/29 10:34:10.0","2015/06/29 10:34:10.0"
"423","190","51","1","1990/02/01","東京都江戸川区小松川3-3-3","16666612356","2015/06/29 10:34:10.0","2015/06/29 10:34:10.0"
"424","191","51","1","1990/02/01","東京都江戸川区小松川3-3-3","16666612356","2015/06/29 10:34:10.0","2015/06/29 10:34:10.0"
"425","192","51","1","1990/02/01","東京都江戸川区小松川3-3-3","16666612356","2015/06/29 10:34:10.0","2015/06/29 10:34:10.0"
"426","193","51","1","1990/02/01","東京都江戸川区小松川3-3-3","16666612356","2015/06/29 10:34:10.0","2015/06/29 10:34:10.0"
"427","194","51","1","1990/02/01","東京都江戸川区小松川3-3-3","16666612356","2015/06/29 10:34:10.0","2015/06/29 10:34:10.0"
"428","195","51","1","1990/02/01","東京都江戸川区小松川3-3-3","16666612356","2015/06/29 10:34:10.0","2015/06/29 10:34:10.0"
"429","196","51","1","1990/02/01","東京都江戸川区小松川3-3-3","16666612356","2015/06/29 10:34:10.0","2015/06/29 10:34:10.0"
"430","197","51","1","1990/02/01","東京都江戸川区小松川3-3-3","16666612356","2015/06/29 10:34:10.0","2015/06/29 10:34:10.0"
"431","198","51","1","1990/02/01","東京都江戸川区小松川3-3-3","16666612356","2015/06/29 10:34:10.0","2015/06/29 10:34:10.0"
"432","199","51","1","1990/02/01","東京都江戸川区小松川3-3-3","16666612356","2015/06/29 10:34:10.0","2015/06/29 10:34:10.0"
"433","200","51","1","1990/02/01","東京都江戸川区小松川3-3-3","16666612356","2015/06/29 10:34:10.0","2015/06/29 10:34:10.0"
"434","201","51","1","1990/02/01","東京都江戸川区小松川3-3-3","16666612356","2015/06/29 10:34:10.0","2015/06/29 10:34:10.0"
"435","202","51","1","1990/02/01","東京都江戸川区小松川3-3-3","16666612356","2015/06/29 10:34:10.0","2015/06/29 10:34:10.0"
"436","203","51","1","1990/02/01","東京都江戸川区小松川3-3-3","16666612356","2015/06/29 10:34:10.0","2015/06/29 10:34:10.0"
"437","204","51","1","1990/02/01","東京都江戸川区小松川3-3-3","16666612356","2015/06/29 10:34:10.0","2015/06/29 10:34:10.0"
"438","205","51","1","1990/02/01","東京都江戸川区小松川3-3-3","16666612356","2015/06/29 10:34:10.0","2015/06/29 10:34:10.0"
"439","206","51","1","1990/02/01","東京都江戸川区小松川3-3-3","16666612356","2015/06/29 10:34:10.0","2015/06/29 10:34:10.0"
"440","207","51","1","1990/02/01","東京都江戸川区小松川3-3-3","16666612356","2015/06/29 10:34:10.0","2015/06/29 10:34:10.0"
"441","208","51","1","1990/02/01","東京都江戸川区小松川3-3-3","16666612356","2015/06/29 10:34:10.0","2015/06/29 10:34:10.0"
"442","209","51","1","1990/02/01","東京都江戸川区小松川3-3-3","16666612356","2015/06/29 10:34:10.0","2015/06/29 10:34:10.0"
"443","210","51","1","1990/02/01","東京都江戸川区小松川3-3-3","16666612356","2015/06/29 10:34:10.0","2015/06/29 10:34:10.0"
"444","211","51","1","1990/02/01","東京都江戸川区小松川3-3-3","16666612356","2015/06/29 10:34:10.0","2015/06/29 10:34:10.0"
"445","212","51","1","1990/02/01","東京都江戸川区小松川3-3-3","16666612356","2015/06/29 10:34:10.0","2015/06/29 10:34:10.0"
"446","213","51","1","1990/02/01","東京都江戸川区小松川3-3-3","16666612356","2015/06/29 10:34:10.0","2015/06/29 10:34:10.0"
"447","214","51","1","1990/02/01","東京都江戸川区小松川3-3-3","16666612356","2015/06/29 10:34:10.0","2015/06/29 10:34:10.0"
"448","215","51","1","1990/02/01","東京都江戸川区小松川3-3-3","16666612356","2015/06/29 10:34:10.0","2015/06/29 10:34:10.0"
"449","216","51","1","1990/02/01","東京都江戸川区小松川3-3-3","16666612356","2015/06/29 10:34:10.0","2015/06/29 10:34:10.0"
"450","217","51","1","1990/02/01","東京都江戸川区小松川3-3-3","16666612356","2015/06/29 10:34:10.0","2015/06/29 10:34:10.0"
"451","218","51","1","1990/02/01","東京都江戸川区小松川3-3-3","16666612356","2015/06/29 10:34:10.0","2015/06/29 10:34:10.0"
"452","219","51","1","1990/02/01","東京都江戸川区小松川3-3-3","16666612356","2015/06/29 10:34:10.0","2015/06/29 10:34:10.0"
"453","220","51","1","1990/02/01","東京都江戸川区小松川3-3-3","16666612356","2015/06/29 10:34:10.0","2015/06/29 10:34:10.0"
"454","221","51","1","1990/02/01","東京都江戸川区小松川3-3-3","16666612356","2015/06/29 10:34:10.0","2015/06/29 10:34:10.0"
"455","222","51","1","1990/02/01","東京都江戸川区小松川3-3-3","16666612356","2015/06/29 10:34:10.0","2015/06/29 10:34:10.0"
"456","223","51","1","1990/02/01","東京都江戸川区小松川3-3-3","16666612356","2015/06/29 10:34:10.0","2015/06/29 10:34:10.0"
"457","224","51","1","1990/02/01","東京都江戸川区小松川3-3-3","16666612356","2015/06/29 10:34:10.0","2015/06/29 10:34:10.0"
"458","225","51","1","1990/02/01","東京都江戸川区小松川3-3-3","16666612356","2015/06/29 10:34:10.0","2015/06/29 10:34:10.0"
"459","226","51","1","1990/02/01","東京都江戸川区小松川3-3-3","16666612356","2015/06/29 10:34:10.0","2015/06/29 10:34:10.0"
"460","227","51","1","1990/02/01","東京都江戸川区小松川3-3-3","16666612356","2015/06/29 10:34:10.0","2015/06/29 10:34:10.0"
"461","228","51","1","1990/02/01","東京都江戸川区小松川3-3-3","16666612356","2015/06/29 10:34:10.0","2015/06/29 10:34:10.0"
"462","229","51","1","1990/02/01","東京都江戸川区小松川3-3-3","16666612356","2015/06/29 10:34:10.0","2015/06/29 10:34:10.0"
"463","230","51","1","1990/02/01","東京都江戸川区小松川3-3-3","16666612356","2015/06/29 10:34:10.0","2015/06/29 10:34:10.0"
"464","231","51","1","1990/02/01","東京都江戸川区小松川3-3-3","16666612356","2015/06/29 10:34:10.0","2015/06/29 10:34:10.0"
"465","232","51","1","1990/02/01","東京都江戸川区小松川3-3-3","16666612356","2015/06/29 10:34:10.0","2015/06/29 10:34:10.0"
"466","233","51","1","1990/02/01","東京都江戸川区小松川3-3-3","16666612356","2015/06/29 10:34:10.0","2015/06/29 10:34:10.0"
"467","234","51","1","1990/02/01","東京都江戸川区小松川3-3-3","16666612356","2015/06/29 10:34:10.0","2015/06/29 10:34:10.0"
"468","235","51","1","1990/02/01","東京都江戸川区小松川3-3-3","16666612356","2015/06/29 10:34:10.0","2015/06/29 10:34:10.0"
"469","236","51","1","1990/02/01","東京都江戸川区小松川3-3-3","16666612356","2015/06/29 10:34:10.0","2015/06/29 10:34:10.0"
"470","237","51","1","1990/02/01","東京都江戸川区小松川3-3-3","16666612356","2015/06/29 10:34:10.0","2015/06/29 10:34:10.0"
"471","238","51","1","1990/02/01","東京都江戸川区小松川3-3-3","16666612356","2015/06/29 10:34:10.0","2015/06/29 10:34:10.0"
"472","239","51","1","1990/02/01","東京都江戸川区小松川3-3-3","16666612356","2015/06/29 10:34:10.0","2015/06/29 10:34:10.0"
"473","240","51","1","1990/02/01","東京都江戸川区小松川3-3-3","16666612356","2015/06/29 10:34:10.0","2015/06/29 10:34:10.0"
"474","241","50","1","1990/02/01","東京都江戸川区小松川3-3-3","16666612356","2015/06/29 10:34:10.0","2015/06/29 10:34:10.0"
"475","242","50","1","1990/02/01","東京都江戸川区小松川3-3-3","16666612356","2015/06/29 10:34:10.0","2015/06/29 10:34:10.0"
"476","243","50","1","1990/02/01","東京都江戸川区小松川3-3-3","16666612356","2015/06/29 10:34:10.0","2015/06/29 10:34:10.0"
"477","244","50","1","1990/02/01","東京都江戸川区小松川3-3-3","16666612356","2015/06/29 10:34:10.0","2015/06/29 10:34:10.0"
"478","245","50","1","1990/02/01","東京都江戸川区小松川3-3-3","16666612356","2015/06/29 10:34:10.0","2015/06/29 10:34:10.0"
"479","246","50","1","1990/02/01","東京都江戸川区小松川3-3-3","16666612356","2015/06/29 10:34:10.0","2015/06/29 10:34:10.0"
"480","247","50","1","1990/02/01","東京都江戸川区小松川3-3-3","16666612356","2015/06/29 10:34:10.0","2015/06/29 10:34:10.0"
"481","248","50","1","1990/02/01","東京都江戸川区小松川3-3-3","16666612356","2015/06/29 10:34:10.0","2015/06/29 10:34:10.0"
"482","249","50","1","1990/02/01","東京都江戸川区小松川3-3-3","16666612356","2015/06/29 10:34:10.0","2015/06/29 10:34:10.0"
"483","250","50","1","1990/02/01","東京都江戸川区小松川3-3-3","16666612356","2015/06/29 10:34:10.0","2015/06/29 10:34:10.0"
"484","251","50","1","1990/02/01","東京都江戸川区小松川3-3-3","16666612356","2015/06/29 10:34:10.0","2015/06/29 10:34:10.0"
"485","252","50","1","1990/02/01","東京都江戸川区小松川3-3-3","16666612356","2015/06/29 10:34:10.0","2015/06/29 10:34:10.0"
"486","253","50","1","1990/02/01","東京都江戸川区小松川3-3-3","16666612356","2015/06/29 10:34:10.0","2015/06/29 10:34:10.0"
"487","254","50","1","1990/02/01","東京都江戸川区小松川3-3-3","16666612356","2015/06/29 10:34:10.0","2015/06/29 10:34:10.0"
"488","255","50","1","1990/02/01","東京都江戸川区小松川3-3-3","16666612356","2015/06/29 10:34:10.0","2015/06/29 10:34:10.0"
"489","256","50","1","1990/02/01","東京都江戸川区小松川3-3-3","16666612356","2015/06/29 10:34:10.0","2015/06/29 10:34:10.0"
"490","257","50","1","1990/02/01","東京都江戸川区小松川3-3-3","16666612356","2015/06/29 10:34:10.0","2015/06/29 10:34:10.0"
"491","258","50","1","1990/02/01","東京都江戸川区小松川3-3-3","16666612356","2015/06/29 10:34:10.0","2015/06/29 10:34:10.0"
"492","259","50","1","1990/02/01","東京都江戸川区小松川3-3-3","16666612356","2015/06/29 10:34:10.0","2015/06/29 10:34:10.0"
"493","260","50","1","1990/02/01","東京都江戸川区小松川3-3-3","16666612356","2015/06/29 10:34:10.0","2015/06/29 10:34:10.0"
"494","261","50","1","1990/02/01","東京都江戸川区小松川3-3-3","16666612356","2015/06/29 10:34:10.0","2015/06/29 10:34:10.0"
"495","262","50","1","1990/02/01","東京都江戸川区小松川3-3-3","16666612356","2015/06/29 10:34:10.0","2015/06/29 10:34:10.0"
"496","263","50","1","1990/02/01","東京都江戸川区小松川3-3-3","16666612356","2015/06/29 10:34:10.0","2015/06/29 10:34:10.0"
"497","264","50","1","1990/02/01","東京都江戸川区小松川3-3-3","16666612356","2015/06/29 10:34:10.0","2015/06/29 10:34:10.0"
"498","265","50","1","1990/02/01","東京都江戸川区小松川3-3-3","16666612356","2015/06/29 10:34:10.0","2015/06/29 10:34:10.0"
"499","266","50","1","1990/02/01","東京都江戸川区小松川3-3-3","16666612356","2015/06/29 10:34:10.0","2015/06/29 10:34:10.0"
"500","267","50","1","1990/02/01","東京都江戸川区小松川3-3-3","16666612356","2015/06/29 10:34:10.0","2015/06/29 10:34:10.0"
"501","268","50","1","1990/02/01","東京都江戸川区小松川3-3-3","16666612356","2015/06/29 10:34:10.0","2015/06/29 10:34:10.0"
"502","269","50","1","1990/02/01","東京都江戸川区小松川3-3-3","16666612356","2015/06/29 10:34:10.0","2015/06/29 10:34:10.0"
"503","270","50","1","1990/02/01","東京都江戸川区小松川3-3-3","16666612356","2015/06/29 10:34:10.0","2015/06/29 10:34:10.0"
"504","271","50","1","1990/02/01","東京都江戸川区小松川3-3-3","16666612356","2015/06/29 10:34:10.0","2015/06/29 10:34:10.0"
"505","272","50","1","1990/02/01","東京都江戸川区小松川3-3-3","16666612356","2015/06/29 10:34:10.0","2015/06/29 10:34:10.0"
"506","273","50","1","1990/02/01","東京都江戸川区小松川3-3-3","16666612356","2015/06/29 10:34:10.0","2015/06/29 10:34:10.0"
"507","274","50","1","1990/02/01","東京都江戸川区小松川3-3-3","16666612356","2015/06/29 10:34:10.0","2015/06/29 10:34:10.0"
"508","275","50","1","1990/02/01","東京都江戸川区小松川3-3-3","16666612356","2015/06/29 10:34:10.0","2015/06/29 10:34:10.0"
"509","276","50","1","1990/02/01","東京都江戸川区小松川3-3-3","16666612356","2015/06/29 10:34:10.0","2015/06/29 10:34:10.0"
"510","277","50","1","1990/02/01","東京都江戸川区小松川3-3-3","16666612356","2015/06/29 10:34:10.0","2015/06/29 10:34:10.0"
"511","278","50","1","1990/02/01","東京都江戸川区小松川3-3-3","16666612356","2015/06/29 10:34:10.0","2015/06/29 10:34:10.0"
"512","279","50","1","1990/02/01","東京都江戸川区小松川3-3-3","16666612356","2015/06/29 10:34:10.0","2015/06/29 10:34:10.0"
"513","280","50","1","1990/02/01","東京都江戸川区小松川3-3-3","16666612356","2015/06/29 10:34:10.0","2015/06/29 10:34:10.0"
"514","281","50","1","1990/02/01","東京都江戸川区小松川3-3-3","16666612356","2015/06/29 10:34:10.0","2015/06/29 10:34:10.0"
"515","282","50","1","1990/02/01","東京都江戸川区小松川3-3-3","16666612356","2015/06/29 10:34:10.0","2015/06/29 10:34:10.0"
"516","283","50","1","1990/02/01","東京都江戸川区小松川3-3-3","16666612356","2015/06/29 10:34:10.0","2015/06/29 10:34:10.0"
"517","284","50","1","1990/02/01","東京都江戸川区小松川3-3-3","16666612356","2015/06/29 10:34:10.0","2015/06/29 10:34:10.0"
"518","285","50","1","1990/02/01","東京都江戸川区小松川3-3-3","16666612356","2015/06/29 10:34:10.0","2015/06/29 10:34:10.0"
"519","286","50","1","1990/02/01","東京都江戸川区小松川3-3-3","16666612356","2015/06/29 10:34:10.0","2015/06/29 10:34:10.0"
"520","287","50","1","1990/02/01","東京都江戸川区小松川3-3-3","16666612356","2015/06/29 10:34:10.0","2015/06/29 10:34:10.0"
"521","288","50","1","1990/02/01","東京都江戸川区小松川3-3-3","16666612356","2015/06/29 10:34:10.0","2015/06/29 10:34:10.0"
"522","289","50","1","1990/02/01","東京都江戸川区小松川3-3-3","16666612356","2015/06/29 10:34:10.0","2015/06/29 10:34:10.0"
"523","290","50","1","1990/02/01","東京都江戸川区小松川3-3-3","16666612356","2015/06/29 10:34:10.0","2015/06/29 10:34:10.0"
"525","1","削除用","1","2012/02/29","aaaaaaaaaaaaaaaaaaaaaaaaaaaaaaaaaaaaaaaaaaaaaaaaaaaaaaaaaaaaaaaaaaaaaaaaaaaaaaaaaaaaaaaaaaaaaaaaaaaaaaaaaaaaaaaaaaaaaaaaaaaaaaaa","1123456789","2015/06/30 11:07:07.0","2015/06/30 11:07:07.0"
"526","2","削除用","1","2000/11/11","11111111111111111111111111111111111111111111111111111111111111111111111111111111111111111111111111111111111111111111111111111111","1234567890","2015/06/30 11:14:27.0","2015/06/30 11:14:27.0"
"527","291","削除用","1","1990/02/01","東京都江戸川区小松川3-3-3","16666612356","2015/06/30 11:42:55.0","2015/06/30 11:42:55.0"
"528","292","削除用","1","1990/02/01","東京都江戸川区小松川3-3-3","16666612356","2015/06/30 11:42:55.0","2015/06/30 11:42:55.0"
"529","293","削除用","1","1990/02/01","東京都江戸川区小松川3-3-3","16666612356","2015/06/30 11:42:55.0","2015/06/30 11:42:55.0"
"530","294","削除用","1","1990/02/01","東京都江戸川区小松川3-3-3","16666612356","2015/06/30 11:42:55.0","2015/06/30 11:42:55.0"
"531","295","削除用","1","1990/02/01","東京都江戸川区小松川3-3-3","16666612356","2015/06/30 11:42:55.0","2015/06/30 11:42:55.0"
"532","296","削除用","1","1990/02/01","東京都江戸川区小松川3-3-3","16666612356","2015/06/30 11:42:55.0","2015/06/30 11:42:55.0"
"533","297","削除用","1","1990/02/01","東京都江戸川区小松川3-3-3","16666612356","2015/06/30 11:42:55.0","2015/06/30 11:42:55.0"
"534","298","削除用","1","1990/02/01","東京都江戸川区小松川3-3-3","16666612356","2015/06/30 11:42:55.0","2015/06/30 11:42:55.0"
"535","299","削除用","1","1990/02/01","東京都江戸川区小松川3-3-3","16666612356","2015/06/30 11:42:55.0","2015/06/30 11:42:55.0"
"536","301","削除用","1","1990/02/01","東京都江戸川区小松川3-3-3","16666612356","2015/06/30 11:42:55.0","2015/06/30 11:42:55.0"
"537","302","削除用","1","1990/02/01","東京都江戸川区小松川3-3-3","16666612356","2015/06/30 11:42:55.0","2015/06/30 11:42:55.0"
"538","303","削除用","1","1990/02/01","東京都江戸川区小松川3-3-3","16666612356","2015/06/30 11:42:55.0","2015/06/30 11:42:55.0"
"539","304","削除用","1","1990/02/01","東京都江戸川区小松川3-3-3","16666612356","2015/06/30 11:42:55.0","2015/06/30 11:42:55.0"
"540","305","削除用","1","1990/02/01","東京都江戸川区小松川3-3-3","16666612356","2015/06/30 11:42:55.0","2015/06/30 11:42:55.0"
"541","306","削除用","1","1990/02/01","東京都江戸川区小松川3-3-3","16666612356","2015/06/30 11:42:55.0","2015/06/30 11:42:55.0"
"542","307","削除用","1","1990/02/01","東京都江戸川区小松川3-3-3","16666612356","2015/06/30 11:42:55.0","2015/06/30 11:42:55.0"
"543","308","削除用","1","1990/02/01","東京都江戸川区小松川3-3-3","16666612356","2015/06/30 11:42:55.0","2015/06/30 11:42:55.0"
"544","309","削除用","1","1990/02/01","東京都江戸川区小松川3-3-3","16666612356","2015/06/30 11:42:55.0","2015/06/30 11:42:55.0"
"545","311","削除用","1","1990/02/01","東京都江戸川区小松川3-3-3","16666612356","2015/06/30 11:42:55.0","2015/06/30 11:42:55.0"
"546","312","削除用","1","1990/02/01","東京都江戸川区小松川3-3-3","16666612356","2015/06/30 11:42:55.0","2015/06/30 11:42:55.0"
"547","313","削除用","1","1990/02/01","東京都江戸川区小松川3-3-3","16666612356","2015/06/30 11:42:55.0","2015/06/30 11:42:55.0"
"548","314","削除用","1","1990/02/01","東京都江戸川区小松川3-3-3","16666612356","2015/06/30 11:42:55.0","2015/06/30 11:42:55.0"
"549","315","削除用","1","1990/02/01","東京都江戸川区小松川3-3-3","16666612356","2015/06/30 11:42:55.0","2015/06/30 11:42:55.0"
"550","316","削除用","1","1990/02/01","東京都江戸川区小松川3-3-3","16666612356","2015/06/30 11:42:55.0","2015/06/30 11:42:55.0"
"551","317","削除用","1","1990/02/01","東京都江戸川区小松川3-3-3","16666612356","2015/06/30 11:42:55.0","2015/06/30 11:42:55.0"
"552","318","削除用","1","1990/02/01","東京都江戸川区小松川3-3-3","16666612356","2015/06/30 11:42:55.0","2015/06/30 11:42:55.0"
"553","319","削除用","1","1990/02/01","東京都江戸川区小松川3-3-3","16666612356","2015/06/30 11:42:55.0","2015/06/30 11:42:55.0"
"554","320","削除用","1","1990/02/01","東京都江戸川区小松川3-3-3","16666612356","2015/06/30 11:44:21.0","2015/06/30 11:44:21.0"
"555","3","削除用","1","2000/11/21","111111111111","1234567","2015/06/30 11:53:18.0","2015/06/30 11:53:18.0"
"556","321","テスト","1","2012/02/29","asdewazxcds","1234567890","2015/06/30 11:57:06.0","2015/06/30 11:57:06.0"
"557","332","テスト","1","2013/12/23","32333333333333","12345678901","2015/06/30 12:00:31.0","2015/06/30 12:00:31.0"
"558","333","aaaaa","2","2000/01/01","ああああああああああああああああああああああああああああああああああああああああああああああああああああああああああああああああああああああああああああああああああああああああああああああああああああああああああああああああああああああああああああああああ","12345678901","2015/06/30 12:07:10.0","2015/06/30 12:07:10.0"
